[{"model": "gear.item", "pk": 1, "fields": {"title": "add item", "created_date": "2016-07-21T02:29:52.773Z", "todo_list": 3}}, {"model": "gear.item", "pk": 15, "fields": {"title": "Backpack", "created_date": "2016-07-21T16:13:56.491Z", "todo_list": 6}}, {"model": "gear.item", "pk": 16, "fields": {"title": "coke can stove", "created_date": "2016-07-21T16:14:01.894Z", "todo_list": 6}}, {"model": "gear.item", "pk": 17, "fields": {"title": "sleep pad", "created_date": "2016-07-21T16:14:05.478Z", "todo_list": 6}}, {"model": "gear.item", "pk": 18, "fields": {"title": "sleeping bags (2)", "created_date": "2016-07-21T16:14:10.695Z", "todo_list": 6}}, {"model": "gear.item", "pk": 19, "fields": {"title": "3-4 person tent", "created_date": "2016-07-21T16:14:15.651Z", "todo_list": 6}}, {"model": "gear.item", "pk": 20, "fields": {"title": "pocket knife", "created_date": "2016-07-21T16:14:23.883Z", "todo_list": 6}}, {"model": "gear.item", "pk": 28, "fields": {"title": "dgsg", "created_date": "2016-08-11T20:59:59.040Z", "todo_list": 9}}, {"model": "gear.item", "pk": 30, "fields": {"title": "sdgdfgfdg", "created_date": "2016-08-11T21:00:22.330Z", "todo_list": 10}}, {"model": "gear.item", "pk": 31, "fields": {"title": "sdgdfgfdg", "created_date": "2016-08-11T21:00:22.494Z", "todo_list": 10}}, {"model": "gear.item", "pk": 33, "fields": {"title": "3-person Tent", "created_date": "2016-08-20T19:08:03.858Z", "todo_list": 12}}, {"model": "gear.item", "pk": 34, "fields": {"title": "3-Person Tent", "created_date": "2016-08-20T20:53:34.271Z", "todo_list": 13}}, {"model": "gear.item", "pk": 35, "fields": {"title": "2 sleeping pads", "created_date": "2016-08-20T20:53:43.136Z", "todo_list": 13}}, {"model": "gear.item", "pk": 36, "fields": {"title": "2 sleeping bags", "created_date": "2016-08-20T20:53:47.080Z", "todo_list": 13}}, {"model": "gear.item", "pk": 37, "fields": {"title": "Jet Boil", "created_date": "2016-08-20T20:53:53.684Z", "todo_list": 13}}, {"model": "gear.item", "pk": 38, "fields": {"title": "Fuel for Jet Boil", "created_date": "2016-08-20T20:53:59.838Z", "todo_list": 13}}, {"model": "gear.item", "pk": 39, "fields": {"title": "Headlamps", "created_date": "2016-08-20T20:54:08.737Z", "todo_list": 13}}, {"model": "gear.item", "pk": 40, "fields": {"title": "Mountain House meals", "created_date": "2016-08-20T20:54:12.876Z", "todo_list": 13}}, {"model": "gear.item", "pk": 41, "fields": {"title": "Water Purifier", "created_date": "2016-08-20T20:54:18.255Z", "todo_list": 13}}, {"model": "gear.item", "pk": 42, "fields": {"title": "Water Bottles (2 per person)", "created_date": "2016-08-20T20:54:26.001Z", "todo_list": 13}}, {"model": "gear.item", "pk": 43, "fields": {"title": "Riley's Food", "created_date": "2016-08-20T20:54:33.202Z", "todo_list": 13}}, {"model": "gear.item", "pk": 44, "fields": {"title": "2 Packs", "created_date": "2016-08-20T20:54:56.523Z", "todo_list": 13}}, {"model": "gear.item", "pk": 45, "fields": {"title": "Cushion/Pad for Riley's bed", "created_date": "2016-08-20T20:55:15.202Z", "todo_list": 13}}, {"model": "gear.item", "pk": 46, "fields": {"title": "Poop bags for Riley", "created_date": "2016-08-20T20:56:13.312Z", "todo_list": 13}}, {"model": "gear.item", "pk": 47, "fields": {"title": "Water/Food bowls for Riley", "created_date": "2016-08-20T20:56:22.727Z", "todo_list": 13}}, {"model": "gear.item", "pk": 48, "fields": {"title": "Riley's Jacket", "created_date": "2016-08-20T20:56:44.458Z", "todo_list": 13}}, {"model": "gear.item", "pk": 49, "fields": {"title": "Warm weather clothing", "created_date": "2016-08-20T20:57:26.238Z", "todo_list": 13}}, {"model": "gear.item", "pk": 50, "fields": {"title": "Cool weather clothing", "created_date": "2016-08-20T20:57:38.522Z", "todo_list": 13}}, {"model": "gear.item", "pk": 51, "fields": {"title": "Rain Jackets", "created_date": "2016-08-20T20:57:42.660Z", "todo_list": 13}}, {"model": "gear.item", "pk": 52, "fields": {"title": "Bug Spray", "created_date": "2016-08-20T20:58:01.121Z", "todo_list": 13}}, {"model": "gear.item", "pk": 53, "fields": {"title": "Sunscreen", "created_date": "2016-08-20T20:58:05.236Z", "todo_list": 13}}, {"model": "gear.item", "pk": 54, "fields": {"title": "Bikes", "created_date": "2016-08-20T20:58:30.300Z", "todo_list": 13}}, {"model": "gear.item", "pk": 55, "fields": {"title": "Bike Pump", "created_date": "2016-08-20T20:58:35.972Z", "todo_list": 13}}, {"model": "gear.item", "pk": 56, "fields": {"title": "Wrench (for tightening bolt on back of truck)", "created_date": "2016-08-20T20:58:47.801Z", "todo_list": 13}}, {"model": "gear.item", "pk": 57, "fields": {"title": "Bike Helmets", "created_date": "2016-08-20T20:58:56.991Z", "todo_list": 13}}, {"model": "gear.item", "pk": 58, "fields": {"title": "Bike Shoes", "created_date": "2016-08-20T20:58:59.851Z", "todo_list": 13}}, {"model": "gear.item", "pk": 59, "fields": {"title": "Bathing Suits", "created_date": "2016-08-20T20:59:40.836Z", "todo_list": 13}}, {"model": "gear.item", "pk": 60, "fields": {"title": "Towels", "created_date": "2016-08-20T20:59:46.543Z", "todo_list": 13}}, {"model": "gear.item", "pk": 61, "fields": {"title": "Toiletries", "created_date": "2016-08-20T20:59:53.817Z", "todo_list": 13}}, {"model": "gear.item", "pk": 62, "fields": {"title": "Condoms", "created_date": "2016-08-20T21:01:06.910Z", "todo_list": 13}}, {"model": "gear.item", "pk": 63, "fields": {"title": "Hat/Sunglasses", "created_date": "2016-08-20T21:01:21.702Z", "todo_list": 13}}, {"model": "gear.item", "pk": 65, "fields": {"title": "First Aid/Gear Repair Kit", "created_date": "2016-08-20T21:01:58.646Z", "todo_list": 13}}, {"model": "gear.item", "pk": 66, "fields": {"title": "Riley's booties", "created_date": "2016-08-20T21:02:07.711Z", "todo_list": 13}}, {"model": "gear.item", "pk": 67, "fields": {"title": "Hatchet", "created_date": "2016-08-20T21:02:11.594Z", "todo_list": 13}}, {"model": "gear.item", "pk": 68, "fields": {"title": "Camp Chairs", "created_date": "2016-08-20T21:02:14.891Z", "todo_list": 13}}, {"model": "gear.item", "pk": 69, "fields": {"title": "Cash for tolls", "created_date": "2016-08-20T21:02:31.294Z", "todo_list": 13}}, {"model": "gear.item", "pk": 70, "fields": {"title": "Phone/Computer chargers", "created_date": "2016-08-20T21:02:47.043Z", "todo_list": 13}}, {"model": "gear.item", "pk": 71, "fields": {"title": "Snacks for the car", "created_date": "2016-08-20T21:03:11.236Z", "todo_list": 13}}, {"model": "gear.item", "pk": 72, "fields": {"title": "Trip Journal", "created_date": "2016-08-20T21:06:51.501Z", "todo_list": 13}}, {"model": "gear.item", "pk": 73, "fields": {"title": "Sandals", "created_date": "2016-08-20T21:06:58.227Z", "todo_list": 13}}, {"model": "gear.item", "pk": 74, "fields": {"title": "Treats for Riley", "created_date": "2016-08-20T21:08:25.614Z", "todo_list": 13}}, {"model": "gear.item", "pk": 75, "fields": {"title": "Life Jacket for Riley", "created_date": "2016-08-20T21:08:38.728Z", "todo_list": 13}}, {"model": "gear.item", "pk": 76, "fields": {"title": "Frisbees (1 for us; 1 for Riley)", "created_date": "2016-08-20T21:08:46.189Z", "todo_list": 13}}, {"model": "gear.item", "pk": 77, "fields": {"title": "Garmin Forerunner", "created_date": "2016-08-20T21:09:12.302Z", "todo_list": 13}}, {"model": "gear.item", "pk": 78, "fields": {"title": "Jugs of Water (use the ones in the closet)", "created_date": "2016-08-20T21:10:26.354Z", "todo_list": 13}}, {"model": "gear.item", "pk": 79, "fields": {"title": "Harness/Prong Collar/Leash for Riley", "created_date": "2016-08-20T21:11:03.521Z", "todo_list": 13}}, {"model": "gear.item", "pk": 80, "fields": {"title": "GoTennas", "created_date": "2016-08-20T21:11:18.982Z", "todo_list": 13}}, {"model": "gear.item", "pk": 81, "fields": {"title": "Ashli's Laptop", "created_date": "2016-08-20T21:11:27.635Z", "todo_list": 13}}, {"model": "gear.item", "pk": 82, "fields": {"title": "Titanium Cup (coffee or eating out of)", "created_date": "2016-08-20T21:13:04.884Z", "todo_list": 13}}, {"model": "gear.item", "pk": 83, "fields": {"title": "Sporks for eating", "created_date": "2016-08-20T21:13:33.247Z", "todo_list": 13}}, {"model": "gear.item", "pk": 84, "fields": {"title": "Blinking red light for Riley (need to get 2 CR2016 lithium batteries for it first)", "created_date": "2016-08-20T21:20:14.472Z", "todo_list": 13}}, {"model": "gear.item", "pk": 85, "fields": {"title": "Bear Grylls Gerber Knife", "created_date": "2016-08-20T21:20:58.589Z", "todo_list": 13}}, {"model": "gear.item", "pk": 86, "fields": {"title": "Extra Blanket", "created_date": "2016-08-20T21:27:17.583Z", "todo_list": 13}}, {"model": "gear.item", "pk": 88, "fields": {"title": "Pillow for Car", "created_date": "2016-08-26T01:47:20.925Z", "todo_list": 13}}, {"model": "gear.item", "pk": 89, "fields": {"title": "Andrew's laptop", "created_date": "2016-08-26T01:52:42.420Z", "todo_list": 13}}, {"model": "gear.item", "pk": 90, "fields": {"title": "French Press for JetBoil", "created_date": "2016-08-26T02:43:46.904Z", "todo_list": 13}}, {"model": "gear.item", "pk": 94, "fields": {"title": "Headlamp", "created_date": "2016-10-17T02:26:10.368Z", "todo_list": 15}}, {"model": "gear.item", "pk": 95, "fields": {"title": "Pillow", "created_date": "2016-10-17T02:26:14.444Z", "todo_list": 15}}, {"model": "gear.item", "pk": 96, "fields": {"title": "Deck of Cards", "created_date": "2016-10-17T02:26:19.086Z", "todo_list": 15}}, {"model": "gear.item", "pk": 97, "fields": {"title": "Inhaler", "created_date": "2016-10-17T02:26:22.361Z", "todo_list": 15}}, {"model": "gear.item", "pk": 98, "fields": {"title": "Jacket", "created_date": "2016-10-17T02:34:30.549Z", "todo_list": 16}}, {"model": "gear.item", "pk": 100, "fields": {"title": "Sleeping Pad", "created_date": "2016-10-17T02:34:46.358Z", "todo_list": 16}}, {"model": "gear.item", "pk": 101, "fields": {"title": "stuff", "created_date": "2016-10-21T02:23:47.946Z", "todo_list": 2}}, {"model": "gear.item", "pk": 102, "fields": {"title": "stuff", "created_date": "2016-10-21T02:23:51.588Z", "todo_list": 2}}, {"model": "gear.item", "pk": 106, "fields": {"title": "item", "created_date": "2016-10-21T22:19:43.202Z", "todo_list": 19}}, {"model": "gear.item", "pk": 107, "fields": {"title": "sdfsa", "created_date": "2016-10-23T02:57:30.794Z", "todo_list": 20}}, {"model": "gear.item", "pk": 108, "fields": {"title": "Crestrail 70 backpack", "created_date": "2016-10-23T23:36:25.014Z", "todo_list": 21}}, {"model": "gear.item", "pk": 109, "fields": {"title": "See", "created_date": "2016-10-24T21:05:47.011Z", "todo_list": 23}}, {"model": "gear.item", "pk": 110, "fields": {"title": "if", "created_date": "2016-10-24T21:05:49.333Z", "todo_list": 23}}, {"model": "gear.item", "pk": 111, "fields": {"title": "these", "created_date": "2016-10-24T21:05:51.911Z", "todo_list": 23}}, {"model": "gear.item", "pk": 112, "fields": {"title": "stay", "created_date": "2016-10-24T21:05:54.144Z", "todo_list": 23}}, {"model": "gear.item", "pk": 113, "fields": {"title": "checked", "created_date": "2016-10-24T21:05:56.758Z", "todo_list": 23}}, {"model": "gear.item", "pk": 114, "fields": {"title": "except me", "created_date": "2016-10-24T21:06:00.380Z", "todo_list": 23}}, {"model": "gear.item", "pk": 115, "fields": {"title": "added on", "created_date": "2016-10-24T21:06:02.857Z", "todo_list": 23}}, {"model": "gear.item", "pk": 116, "fields": {"title": "10/24/2016", "created_date": "2016-10-24T21:06:11.994Z", "todo_list": 23}}, {"model": "gear.item", "pk": 117, "fields": {"title": "PFD", "created_date": "2016-10-25T19:21:26.662Z", "todo_list": 24}}, {"model": "gear.item", "pk": 118, "fields": {"title": "Alcohol Jet Stove", "created_date": "2016-10-25T19:21:53.236Z", "todo_list": 24}}, {"model": "gear.item", "pk": 119, "fields": {"title": "Esbit Cooking Kit", "created_date": "2016-10-25T19:22:13.071Z", "todo_list": 24}}, {"model": "gear.item", "pk": 120, "fields": {"title": "Esbit Cooking Kit", "created_date": "2016-10-25T19:22:13.071Z", "todo_list": 24}}, {"model": "gear.item", "pk": 121, "fields": {"title": "Stanley Pot & Mugs", "created_date": "2016-10-25T19:22:30.866Z", "todo_list": 24}}, {"model": "gear.item", "pk": 122, "fields": {"title": "Fly Rod w/ 2 reels", "created_date": "2016-10-25T19:22:57.508Z", "todo_list": 24}}, {"model": "gear.item", "pk": 123, "fields": {"title": "Fly Box", "created_date": "2016-10-25T19:23:02.987Z", "todo_list": 24}}, {"model": "gear.item", "pk": 124, "fields": {"title": "Grand Trunk hammock", "created_date": "2016-10-25T19:23:34.748Z", "todo_list": 24}}, {"model": "gear.item", "pk": 125, "fields": {"title": "Kelty Tarp", "created_date": "2016-10-25T19:23:44.991Z", "todo_list": 24}}, {"model": "gear.item", "pk": 126, "fields": {"title": "Water Jug 7gal", "created_date": "2016-10-25T19:23:58.553Z", "todo_list": 24}}, {"model": "gear.item", "pk": 127, "fields": {"title": "Ice Chest", "created_date": "2016-10-25T19:24:23.040Z", "todo_list": 24}}, {"model": "gear.item", "pk": 128, "fields": {"title": "Car or Truck", "created_date": "2016-10-28T19:08:29.354Z", "todo_list": 25}}, {"model": "gear.item", "pk": 129, "fields": {"title": "Table", "created_date": "2016-10-28T19:09:07.364Z", "todo_list": 25}}, {"model": "gear.item", "pk": 130, "fields": {"title": "Portable Grill", "created_date": "2016-10-28T19:09:18.242Z", "todo_list": 25}}, {"model": "gear.item", "pk": 131, "fields": {"title": "Propane Tanks for Grill", "created_date": "2016-10-28T19:09:31.540Z", "todo_list": 25}}, {"model": "gear.item", "pk": 132, "fields": {"title": "Valve/Ignitor for Grill", "created_date": "2016-10-28T19:09:46.956Z", "todo_list": 25}}, {"model": "gear.item", "pk": 134, "fields": {"title": "REI Plate/Utensil/Cup Pack", "created_date": "2016-10-28T19:10:08.530Z", "todo_list": 25}}, {"model": "gear.item", "pk": 135, "fields": {"title": "Grilling Utensils/Tools", "created_date": "2016-10-28T19:10:31.397Z", "todo_list": 25}}, {"model": "gear.item", "pk": 137, "fields": {"title": "Garbage Bags", "created_date": "2016-10-28T19:11:56.990Z", "todo_list": 25}}, {"model": "gear.item", "pk": 138, "fields": {"title": "JetBoil", "created_date": "2016-10-28T19:12:37.769Z", "todo_list": 25}}, {"model": "gear.item", "pk": 139, "fields": {"title": "Fuel for Jet Boil", "created_date": "2016-10-28T19:12:41.569Z", "todo_list": 25}}, {"model": "gear.item", "pk": 140, "fields": {"title": "Lighter for JetBoil and Fire", "created_date": "2016-10-28T19:13:25.112Z", "todo_list": 25}}, {"model": "gear.item", "pk": 141, "fields": {"title": "Cooking Condiments (Salt, Pepper, Frank's, Olive Oil, etc.)", "created_date": "2016-10-28T19:13:59.882Z", "todo_list": 25}}, {"model": "gear.item", "pk": 142, "fields": {"title": "Aluminum Foil", "created_date": "2016-10-28T19:15:36.331Z", "todo_list": 25}}, {"model": "gear.item", "pk": 143, "fields": {"title": "Napkins", "created_date": "2016-10-28T19:15:42.053Z", "todo_list": 25}}, {"model": "gear.item", "pk": 144, "fields": {"title": "Coffee (for JetBoil)", "created_date": "2016-10-28T19:16:13.397Z", "todo_list": 25}}, {"model": "gear.item", "pk": 145, "fields": {"title": "Alcoholic Beverages", "created_date": "2016-10-28T19:16:20.215Z", "todo_list": 25}}, {"model": "gear.item", "pk": 147, "fields": {"title": "Cooler", "created_date": "2016-10-28T19:16:46.806Z", "todo_list": 25}}, {"model": "gear.item", "pk": 148, "fields": {"title": "Pre-prepared dinner ready to throw on grill (marinated pork, corn, asparagus, potatoes, mushrooms/onions, etc.)", "created_date": "2016-10-28T19:17:26.737Z", "todo_list": 25}}, {"model": "gear.item", "pk": 149, "fields": {"title": "Small pan for cooking", "created_date": "2016-10-28T19:17:45.452Z", "todo_list": 25}}, {"model": "gear.item", "pk": 150, "fields": {"title": "Bacon and Eggs", "created_date": "2016-10-28T19:17:59.574Z", "todo_list": 25}}, {"model": "gear.item", "pk": 152, "fields": {"title": "Instant Potato Packages", "created_date": "2016-10-28T19:18:23.717Z", "todo_list": 25}}, {"model": "gear.item", "pk": 154, "fields": {"title": "Bear Grylls Gerber Knife", "created_date": "2016-10-28T19:18:49.281Z", "todo_list": 25}}, {"model": "gear.item", "pk": 155, "fields": {"title": "Marshmallows", "created_date": "2016-10-28T19:19:07.703Z", "todo_list": 25}}, {"model": "gear.item", "pk": 156, "fields": {"title": "Fire Starters", "created_date": "2016-10-28T19:19:19.410Z", "todo_list": 25}}, {"model": "gear.item", "pk": 157, "fields": {"title": "Firewood", "created_date": "2016-10-28T19:19:23.418Z", "todo_list": 25}}, {"model": "gear.item", "pk": 158, "fields": {"title": "Headlamps", "created_date": "2016-10-28T19:19:32.687Z", "todo_list": 25}}, {"model": "gear.item", "pk": 159, "fields": {"title": "Warm weather clothing", "created_date": "2016-10-28T19:19:35.436Z", "todo_list": 25}}, {"model": "gear.item", "pk": 160, "fields": {"title": "Cold Weather Clothing", "created_date": "2016-10-28T19:19:44.795Z", "todo_list": 25}}, {"model": "gear.item", "pk": 161, "fields": {"title": "Rain Jackets", "created_date": "2016-10-28T19:19:47.713Z", "todo_list": 25}}, {"model": "gear.item", "pk": 162, "fields": {"title": "Bedtime clothes", "created_date": "2016-10-28T19:19:55.771Z", "todo_list": 25}}, {"model": "gear.item", "pk": 163, "fields": {"title": "Hat and Gloves", "created_date": "2016-10-28T19:20:03.726Z", "todo_list": 25}}, {"model": "gear.item", "pk": 164, "fields": {"title": "Toiletries", "created_date": "2016-10-28T19:20:24.181Z", "todo_list": 25}}, {"model": "gear.item", "pk": 165, "fields": {"title": "Toilet Paper", "created_date": "2016-10-28T19:20:30.809Z", "todo_list": 25}}, {"model": "gear.item", "pk": 167, "fields": {"title": "Tent (including rain fly and ground tarp)", "created_date": "2016-10-28T19:21:03.348Z", "todo_list": 25}}, {"model": "gear.item", "pk": 168, "fields": {"title": "Sleeping Pads", "created_date": "2016-10-28T19:21:13.679Z", "todo_list": 25}}, {"model": "gear.item", "pk": 169, "fields": {"title": "Sleeping Bags", "created_date": "2016-10-28T19:21:17.288Z", "todo_list": 25}}, {"model": "gear.item", "pk": 170, "fields": {"title": "Extra Blankets", "created_date": "2016-10-28T19:21:29.200Z", "todo_list": 25}}, {"model": "gear.item", "pk": 171, "fields": {"title": "Extra Pillows", "created_date": "2016-10-28T19:21:33.049Z", "todo_list": 25}}, {"model": "gear.item", "pk": 172, "fields": {"title": "Dog Beds", "created_date": "2016-10-28T19:21:45.428Z", "todo_list": 25}}, {"model": "gear.item", "pk": 175, "fields": {"title": "Dog Treats", "created_date": "2016-10-28T19:22:04.741Z", "todo_list": 25}}, {"model": "gear.item", "pk": 176, "fields": {"title": "Dog Poopie Bags", "created_date": "2016-10-28T19:22:15.414Z", "todo_list": 25}}, {"model": "gear.item", "pk": 177, "fields": {"title": "Dog Leashes and Collars", "created_date": "2016-10-28T19:22:21.221Z", "todo_list": 25}}, {"model": "gear.item", "pk": 178, "fields": {"title": "Dog Lights", "created_date": "2016-10-28T19:22:26.011Z", "todo_list": 25}}, {"model": "gear.item", "pk": 179, "fields": {"title": "Dog Food", "created_date": "2016-10-28T19:22:36.946Z", "todo_list": 25}}, {"model": "gear.item", "pk": 180, "fields": {"title": "Dog Jackets", "created_date": "2016-10-28T19:22:48.807Z", "todo_list": 25}}, {"model": "gear.item", "pk": 181, "fields": {"title": "Dog Toys", "created_date": "2016-10-28T19:23:08.860Z", "todo_list": 25}}, {"model": "gear.item", "pk": 182, "fields": {"title": "Camp Chairs", "created_date": "2016-10-28T19:23:26.873Z", "todo_list": 25}}, {"model": "gear.item", "pk": 184, "fields": {"title": "Recreational Stuff (books, football, frisbee, journal, etc.)", "created_date": "2016-10-28T19:24:09.050Z", "todo_list": 25}}, {"model": "gear.item", "pk": 185, "fields": {"title": "Sunscreen", "created_date": "2016-10-28T19:24:45.910Z", "todo_list": 25}}, {"model": "gear.item", "pk": 186, "fields": {"title": "Bug Spray (for both humans and dogs)", "created_date": "2016-10-28T19:24:54.379Z", "todo_list": 25}}, {"model": "gear.item", "pk": 187, "fields": {"title": "Hatchet", "created_date": "2016-10-28T19:26:45.216Z", "todo_list": 25}}, {"model": "gear.item", "pk": 188, "fields": {"title": "Water Bottles (2 per person)", "created_date": "2016-10-28T19:29:12.428Z", "todo_list": 25}}, {"model": "gear.item", "pk": 189, "fields": {"title": "Water Jugs (at least 2)", "created_date": "2016-10-28T19:29:18.103Z", "todo_list": 25}}, {"model": "gear.item", "pk": 190, "fields": {"title": "Dog Bowls (Food and Water)", "created_date": "2016-10-28T19:29:50.895Z", "todo_list": 25}}, {"model": "gear.item", "pk": 191, "fields": {"title": "First Aid Kit", "created_date": "2016-10-28T19:30:25.282Z", "todo_list": 25}}, {"model": "gear.item", "pk": 192, "fields": {"title": "Chargers for Iphone", "created_date": "2016-10-28T19:31:01.755Z", "todo_list": 25}}, {"model": "gear.item", "pk": 193, "fields": {"title": "French Press for JetBoil", "created_date": "2016-10-28T19:31:06.656Z", "todo_list": 25}}, {"model": "gear.item", "pk": 194, "fields": {"title": "Titanium Cup (coffee or eating out of)", "created_date": "2016-10-28T19:31:14.673Z", "todo_list": 25}}, {"model": "contenttypes.contenttype", "pk": 1, "fields": {"app_label": "polls", "model": "question"}}, {"model": "contenttypes.contenttype", "pk": 2, "fields": {"app_label": "polls", "model": "choice"}}, {"model": "contenttypes.contenttype", "pk": 3, "fields": {"app_label": "polls", "model": "userprofile"}}, {"model": "contenttypes.contenttype", "pk": 4, "fields": {"app_label": "polls", "model": "list"}}, {"model": "contenttypes.contenttype", "pk": 5, "fields": {"app_label": "polls", "model": "item"}}, {"model": "contenttypes.contenttype", "pk": 6, "fields": {"app_label": "admin", "model": "logentry"}}, {"model": "contenttypes.contenttype", "pk": 7, "fields": {"app_label": "auth", "model": "permission"}}, {"model": "contenttypes.contenttype", "pk": 8, "fields": {"app_label": "auth", "model": "group"}}, {"model": "contenttypes.contenttype", "pk": 9, "fields": {"app_label": "auth", "model": "user"}}, {"model": "contenttypes.contenttype", "pk": 10, "fields": {"app_label": "contenttypes", "model": "contenttype"}}, {"model": "contenttypes.contenttype", "pk": 11, "fields": {"app_label": "sessions", "model": "session"}}, {"model": "contenttypes.contenttype", "pk": 12, "fields": {"app_label": "gear", "model": "userprofile"}}, {"model": "contenttypes.contenttype", "pk": 13, "fields": {"app_label": "gear", "model": "list"}}, {"model": "contenttypes.contenttype", "pk": 14, "fields": {"app_label": "gear", "model": "item"}}, {"model": "sessions.session", "pk": "0mdxxgr8vox0fsifsmebafzvy9kq71tl", "fields": {"session_data": "M2JhYjRmNjNmOWRjM2MyZTU1ZTM1NzJhNjM5OWUxOGJiOTUyYzlmMTp7Il9hdXRoX3VzZXJfYmFja2VuZCI6ImRqYW5nby5jb250cmliLmF1dGguYmFja2VuZHMuTW9kZWxCYWNrZW5kIiwiX2F1dGhfdXNlcl9pZCI6IjYiLCJfYXV0aF91c2VyX2hhc2giOiI3ZDU3OTQwNGI2MTk2MzBiMzI1NGE1NDFhZGY1MjZkZjI3OWU1M2Y4In0=", "expire_date": "2016-09-02T21:24:24.907Z"}}, {"model": "sessions.session", "pk": "324eikt0gnwkouest35872bqy4o42ofc", "fields": {"session_data": "Zjc2MDhjOWRiOWM3MTExYjI4NjNiYjYwOGY1ZDI4YjgxYTk1N2RlODp7Il9hdXRoX3VzZXJfaGFzaCI6ImViNjhlZDAwZWNhYmY1NmY3NGQ0MjdjYzM5Y2UwOWM0MzcxYjJjMjEiLCJfYXV0aF91c2VyX2lkIjoiNSIsIl9hdXRoX3VzZXJfYmFja2VuZCI6ImRqYW5nby5jb250cmliLmF1dGguYmFja2VuZHMuTW9kZWxCYWNrZW5kIn0=", "expire_date": "2016-09-09T01:12:49.726Z"}}, {"model": "sessions.session", "pk": "49zlxy3hry29k1hwq4xtu73ysufa968l", "fields": {"session_data": "NGM1ODBmOWVlYWE5MDZlMmM5Zjc4ZDUzYzNkZGQzNjQ2NDJmN2Y5Yzp7Il9hdXRoX3VzZXJfaWQiOiIyIiwiX2F1dGhfdXNlcl9iYWNrZW5kIjoibXlzaXRlLmJhY2tlbmRzLkVtYWlsT3JVc2VybmFtZU1vZGVsQmFja2VuZCIsIl9hdXRoX3VzZXJfaGFzaCI6ImQwMDM3MDQzY2MxMmMxZDFhZWRjODIyZTAzMzRiYmNmMGQwNWQ2OTcifQ==", "expire_date": "2016-11-13T16:56:52.137Z"}}, {"model": "sessions.session", "pk": "5tyi8ez7l2d6zkjhy46ftpel262mirnp", "fields": {"session_data": "YjM5ZWEwOTJmM2U2Yzg3YWZjOWU2NDViZDViNWIxY2I5ZjBlZWI5ODp7Il9hdXRoX3VzZXJfaGFzaCI6IjNiZDJlNWY2ZTlmMDU5ZTg1Mzg4YjQ2YzRjNmY0YmYyN2ExYzgyM2QiLCJfYXV0aF91c2VyX2lkIjoiMTMiLCJfYXV0aF91c2VyX2JhY2tlbmQiOiJkamFuZ28uY29udHJpYi5hdXRoLmJhY2tlbmRzLk1vZGVsQmFja2VuZCJ9", "expire_date": "2016-11-04T20:15:55.608Z"}}, {"model": "sessions.session", "pk": "7pi6c2vzairw61rgbnvwuujdq3ngazi9", "fields": {"session_data": "ZTdmYWFlYmZiZjc4NWI4MmEzNzY0ZTgzM2RkZjA4ODVlMDRjYWQwMTp7Il9hdXRoX3VzZXJfaGFzaCI6ImFkNWRhNTYyMWYxYzg5ZDEwZmJjMmE3ZWQ5YzFjODM3N2Y5ZDRlN2EiLCJfYXV0aF91c2VyX2lkIjoiMTkiLCJfYXV0aF91c2VyX2JhY2tlbmQiOiJteXNpdGUuYmFja2VuZHMuRW1haWxPclVzZXJuYW1lTW9kZWxCYWNrZW5kIn0=", "expire_date": "2016-11-06T23:35:40.205Z"}}, {"model": "sessions.session", "pk": "btm090f9e9f83lokiffzm44q706yqi1r", "fields": {"session_data": "ZThlMjY2NzM0MTRmZGMwYjIzMjU1M2RiNGQ4YTRiMjk3ZmM1YzYzYjp7Il9hdXRoX3VzZXJfaWQiOiIyMCIsIl9hdXRoX3VzZXJfYmFja2VuZCI6Im15c2l0ZS5iYWNrZW5kcy5FbWFpbE9yVXNlcm5hbWVNb2RlbEJhY2tlbmQiLCJfYXV0aF91c2VyX2hhc2giOiJiOGEyYmU2OTdhYjJhYmNjYjUyNWNiM2IyNTA3M2YxZmNhNmQzMzkxIn0=", "expire_date": "2016-11-08T19:20:16.342Z"}}, {"model": "sessions.session", "pk": "g22tluy8sxdc68d1mkdgoofeu5duk3td", "fields": {"session_data": "ZjQzMGZhYTJlMDU5YTg5OGI5NTA0OGZjNDExNGFiOTViNDBlYmVhODp7Il9hdXRoX3VzZXJfYmFja2VuZCI6ImRqYW5nby5jb250cmliLmF1dGguYmFja2VuZHMuTW9kZWxCYWNrZW5kIiwiX2F1dGhfdXNlcl9pZCI6IjIiLCJfYXV0aF91c2VyX2hhc2giOiJiNDU2NjA0NTg3OGVhNDEzNjY1ZWJiZTM3OTA2NGQ4MjQ3YWExMjYxIn0=", "expire_date": "2016-09-02T21:12:38.873Z"}}, {"model": "sessions.session", "pk": "izlr55imhsksoprzvcnroifhq6e5gcxd", "fields": {"session_data": "ODM4OTE1ODdjZWE0NTdhOGYzMzVlNGIyZTFlZDNjOWJiNDhhZWJmMTp7Il9hdXRoX3VzZXJfaWQiOiI1IiwiX2F1dGhfdXNlcl9oYXNoIjoiZWI2OGVkMDBlY2FiZjU2Zjc0ZDQyN2NjMzljZTA5YzQzNzFiMmMyMSIsIl9hdXRoX3VzZXJfYmFja2VuZCI6ImRqYW5nby5jb250cmliLmF1dGguYmFja2VuZHMuTW9kZWxCYWNrZW5kIn0=", "expire_date": "2016-11-05T17:38:14.329Z"}}, {"model": "sessions.session", "pk": "jkhtodjwduq0lye6dbqid0byy4ucgzg2", "fields": {"session_data": "ZjQzMGZhYTJlMDU5YTg5OGI5NTA0OGZjNDExNGFiOTViNDBlYmVhODp7Il9hdXRoX3VzZXJfYmFja2VuZCI6ImRqYW5nby5jb250cmliLmF1dGguYmFja2VuZHMuTW9kZWxCYWNrZW5kIiwiX2F1dGhfdXNlcl9pZCI6IjIiLCJfYXV0aF91c2VyX2hhc2giOiJiNDU2NjA0NTg3OGVhNDEzNjY1ZWJiZTM3OTA2NGQ4MjQ3YWExMjYxIn0=", "expire_date": "2016-09-03T19:07:47.284Z"}}, {"model": "sessions.session", "pk": "k6spu3jiorkphzww224jqsganmwzz3of", "fields": {"session_data": "NWFhZTBmYjBjMGY0OTE1MTI0MzhkODc1ODk0ZTQwNGU3ZTM3MzYyODp7Il9hdXRoX3VzZXJfaWQiOiI3IiwiX2F1dGhfdXNlcl9iYWNrZW5kIjoiZGphbmdvLmNvbnRyaWIuYXV0aC5iYWNrZW5kcy5Nb2RlbEJhY2tlbmQiLCJfYXV0aF91c2VyX2hhc2giOiI3ZTg1MzViM2Q5YzUwMjlhMDAxYjE5MjNmZGM3MzM0MTY4M2I0MTQ5In0=", "expire_date": "2016-08-25T21:00:42.682Z"}}, {"model": "sessions.session", "pk": "lhk5lh40wfp2pmocrh3wl4w9misk2ljk", "fields": {"session_data": "NDg4MDBhOTUyYzlhMTQxNDVjNzQ1NDZjZGFmOTBlZDIyYTQ1YjVlYTp7Il9hdXRoX3VzZXJfaGFzaCI6IjgyMDhiZTM4NDkyNzBmYWU1Yzk1YzNjNGM5YzZjYWJhNTY5MmUwNmMiLCJfYXV0aF91c2VyX2lkIjoiNCIsIl9hdXRoX3VzZXJfYmFja2VuZCI6ImRqYW5nby5jb250cmliLmF1dGguYmFja2VuZHMuTW9kZWxCYWNrZW5kIn0=", "expire_date": "2016-08-04T02:38:58.235Z"}}, {"model": "sessions.session", "pk": "pi8losnxqov4drv1o20ylcs917qg3e5t", "fields": {"session_data": "OWViN2RmMzllYzJhZDFlYWE2ZTAyNGM3N2MxNTlkMTZkYTQxMzA1Nzp7Il9hdXRoX3VzZXJfaGFzaCI6IjZiMzM5MWQ4NDhlNzQ3NTA4NjA0YmRmMTA5ZDRkZTQyMzNlNjljYWIiLCJfYXV0aF91c2VyX2lkIjoiMyIsIl9hdXRoX3VzZXJfYmFja2VuZCI6ImRqYW5nby5jb250cmliLmF1dGguYmFja2VuZHMuTW9kZWxCYWNrZW5kIn0=", "expire_date": "2016-08-02T14:15:14.234Z"}}, {"model": "sessions.session", "pk": "quihq5yxa6hnff5pc6se3n2wi20cv8cm", "fields": {"session_data": "MmJjNDVjNDgyNmM4MDIyZDE0MmM5MDlkYjI1NDg0MmNmNjI2YTA0NTp7Il9hdXRoX3VzZXJfYmFja2VuZCI6ImRqYW5nby5jb250cmliLmF1dGguYmFja2VuZHMuTW9kZWxCYWNrZW5kIiwiX2F1dGhfdXNlcl9oYXNoIjoiYjQ1NjYwNDU4NzhlYTQxMzY2NWViYmUzNzkwNjRkODI0N2FhMTI2MSIsIl9hdXRoX3VzZXJfaWQiOiIyIn0=", "expire_date": "2016-09-24T17:02:01.407Z"}}, {"model": "sessions.session", "pk": "w7sl861s9q9gxzi3yk1ttplzppid8jm7", "fields": {"session_data": "NzVlMzNjNjkwOTQ5ZTQ1NDQ3ZDQzNThlYmQyN2E2MDVjOTA2NzdkMTp7Il9hdXRoX3VzZXJfaGFzaCI6IjdkNTc5NDA0YjYxOTYzMGIzMjU0YTU0MWFkZjUyNmRmMjc5ZTUzZjgiLCJfYXV0aF91c2VyX2lkIjoiNiIsIl9hdXRoX3VzZXJfYmFja2VuZCI6ImRqYW5nby5jb250cmliLmF1dGguYmFja2VuZHMuTW9kZWxCYWNrZW5kIn0=", "expire_date": "2016-08-04T16:13:29.360Z"}}, {"model": "sessions.session", "pk": "w83n7wlyred9p8z6x6ghvr0s9fkchcb4", "fields": {"session_data": "Zjc2MDhjOWRiOWM3MTExYjI4NjNiYjYwOGY1ZDI4YjgxYTk1N2RlODp7Il9hdXRoX3VzZXJfaGFzaCI6ImViNjhlZDAwZWNhYmY1NmY3NGQ0MjdjYzM5Y2UwOWM0MzcxYjJjMjEiLCJfYXV0aF91c2VyX2lkIjoiNSIsIl9hdXRoX3VzZXJfYmFja2VuZCI6ImRqYW5nby5jb250cmliLmF1dGguYmFja2VuZHMuTW9kZWxCYWNrZW5kIn0=", "expire_date": "2016-08-04T02:43:21.748Z"}}, {"model": "auth.permission", "pk": 1, "fields": {"name": "Can add question", "content_type": 1, "codename": "add_question"}}, {"model": "auth.permission", "pk": 2, "fields": {"name": "Can change question", "content_type": 1, "codename": "change_question"}}, {"model": "auth.permission", "pk": 3, "fields": {"name": "Can delete question", "content_type": 1, "codename": "delete_question"}}, {"model": "auth.permission", "pk": 4, "fields": {"name": "Can add choice", "content_type": 2, "codename": "add_choice"}}, {"model": "auth.permission", "pk": 5, "fields": {"name": "Can change choice", "content_type": 2, "codename": "change_choice"}}, {"model": "auth.permission", "pk": 6, "fields": {"name": "Can delete choice", "content_type": 2, "codename": "delete_choice"}}, {"model": "auth.permission", "pk": 7, "fields": {"name": "Can add user profile", "content_type": 3, "codename": "add_userprofile"}}, {"model": "auth.permission", "pk": 8, "fields": {"name": "Can change user profile", "content_type": 3, "codename": "change_userprofile"}}, {"model": "auth.permission", "pk": 9, "fields": {"name": "Can delete user profile", "content_type": 3, "codename": "delete_userprofile"}}, {"model": "auth.permission", "pk": 10, "fields": {"name": "Can add list", "content_type": 4, "codename": "add_list"}}, {"model": "auth.permission", "pk": 11, "fields": {"name": "Can change list", "content_type": 4, "codename": "change_list"}}, {"model": "auth.permission", "pk": 12, "fields": {"name": "Can delete list", "content_type": 4, "codename": "delete_list"}}, {"model": "auth.permission", "pk": 13, "fields": {"name": "Can add item", "content_type": 5, "codename": "add_item"}}, {"model": "auth.permission", "pk": 14, "fields": {"name": "Can change item", "content_type": 5, "codename": "change_item"}}, {"model": "auth.permission", "pk": 15, "fields": {"name": "Can delete item", "content_type": 5, "codename": "delete_item"}}, {"model": "auth.permission", "pk": 16, "fields": {"name": "Can add log entry", "content_type": 6, "codename": "add_logentry"}}, {"model": "auth.permission", "pk": 17, "fields": {"name": "Can change log entry", "content_type": 6, "codename": "change_logentry"}}, {"model": "auth.permission", "pk": 18, "fields": {"name": "Can delete log entry", "content_type": 6, "codename": "delete_logentry"}}, {"model": "auth.permission", "pk": 19, "fields": {"name": "Can add permission", "content_type": 7, "codename": "add_permission"}}, {"model": "auth.permission", "pk": 20, "fields": {"name": "Can change permission", "content_type": 7, "codename": "change_permission"}}, {"model": "auth.permission", "pk": 21, "fields": {"name": "Can delete permission", "content_type": 7, "codename": "delete_permission"}}, {"model": "auth.permission", "pk": 22, "fields": {"name": "Can add group", "content_type": 8, "codename": "add_group"}}, {"model": "auth.permission", "pk": 23, "fields": {"name": "Can change group", "content_type": 8, "codename": "change_group"}}, {"model": "auth.permission", "pk": 24, "fields": {"name": "Can delete group", "content_type": 8, "codename": "delete_group"}}, {"model": "auth.permission", "pk": 25, "fields": {"name": "Can add user", "content_type": 9, "codename": "add_user"}}, {"model": "auth.permission", "pk": 26, "fields": {"name": "Can change user", "content_type": 9, "codename": "change_user"}}, {"model": "auth.permission", "pk": 27, "fields": {"name": "Can delete user", "content_type": 9, "codename": "delete_user"}}, {"model": "auth.permission", "pk": 28, "fields": {"name": "Can add content type", "content_type": 10, "codename": "add_contenttype"}}, {"model": "auth.permission", "pk": 29, "fields": {"name": "Can change content type", "content_type": 10, "codename": "change_contenttype"}}, {"model": "auth.permission", "pk": 30, "fields": {"name": "Can delete content type", "content_type": 10, "codename": "delete_contenttype"}}, {"model": "auth.permission", "pk": 31, "fields": {"name": "Can add session", "content_type": 11, "codename": "add_session"}}, {"model": "auth.permission", "pk": 32, "fields": {"name": "Can change session", "content_type": 11, "codename": "change_session"}}, {"model": "auth.permission", "pk": 33, "fields": {"name": "Can delete session", "content_type": 11, "codename": "delete_session"}}, {"model": "auth.permission", "pk": 34, "fields": {"name": "Can add user profile", "content_type": 12, "codename": "add_userprofile"}}, {"model": "auth.permission", "pk": 35, "fields": {"name": "Can change user profile", "content_type": 12, "codename": "change_userprofile"}}, {"model": "auth.permission", "pk": 36, "fields": {"name": "Can delete user profile", "content_type": 12, "codename": "delete_userprofile"}}, {"model": "auth.permission", "pk": 37, "fields": {"name": "Can add list", "content_type": 13, "codename": "add_list"}}, {"model": "auth.permission", "pk": 38, "fields": {"name": "Can change list", "content_type": 13, "codename": "change_list"}}, {"model": "auth.permission", "pk": 39, "fields": {"name": "Can delete list", "content_type": 13, "codename": "delete_list"}}, {"model": "auth.permission", "pk": 40, "fields": {"name": "Can add item", "content_type": 14, "codename": "add_item"}}, {"model": "auth.permission", "pk": 41, "fields": {"name": "Can change item", "content_type": 14, "codename": "change_item"}}, {"model": "auth.permission", "pk": 42, "fields": {"name": "Can delete item", "content_type": 14, "codename": "delete_item"}}, {"model": "auth.user", "pk": 2, "fields": {"password": "pbkdf2_sha256$24000$SpUAsk5XJeqL$shk/9bK5gw53flWEvS1FS72WOueacNRRaL02xSEho9E=", "last_login": "2016-10-30T16:56:52.100Z", "is_superuser": true, "username": "admin", "first_name": "", "last_name": "", "email": "ashli@gaiagps.com", "is_staff": true, "is_active": true, "date_joined": "2016-07-19T13:55:41.074Z", "groups": [], "user_permissions": []}}, {"model": "auth.user", "pk": 3, "fields": {"password": "pbkdf2_sha256$24000$u1ilcWudD3eZ$A/USMgEAgaQE7w3ty+UTvTSLpf6N628ccigAXd5ddtU=", "last_login": "2016-07-19T14:15:14.207Z", "is_superuser": false, "username": "ashlib", "first_name": "", "last_name": "", "email": "ashlicharette@gmail.com", "is_staff": false, "is_active": true, "date_joined": "2016-07-19T14:15:01.893Z", "groups": [], "user_permissions": []}}, {"model": "auth.user", "pk": 5, "fields": {"password": "pbkdf2_sha256$24000$lhyTj7Z7cSOM$mgwB4RKTKXFffmtIRwtVS+iwyGLZnWFRawp+5LDq8XI=", "last_login": "2016-10-29T22:41:55.930Z", "is_superuser": false, "username": "abaldwin2781", "first_name": "", "last_name": "", "email": "abaldwin2781@gmail.com", "is_staff": false, "is_active": true, "date_joined": "2016-07-21T02:42:50.976Z", "groups": [], "user_permissions": []}}, {"model": "auth.user", "pk": 6, "fields": {"password": "pbkdf2_sha256$24000$dLjBtaFMvwBg$w8vFDHeZ9qOShbxhGiEGxOJzUbJonuNvRoft8yLXoUw=", "last_login": "2016-08-19T21:24:24.877Z", "is_superuser": false, "username": "ruthieirvin", "first_name": "", "last_name": "", "email": "ruthie@gaiagps.com", "is_staff": false, "is_active": true, "date_joined": "2016-07-21T16:13:15.745Z", "groups": [], "user_permissions": []}}, {"model": "auth.user", "pk": 7, "fields": {"password": "pbkdf2_sha256$24000$fFJvbTGnLNRk$2FGEBaGwnGsua453Yz0ZHhCgXWNqnnphyv82dOSEJ1w=", "last_login": "2016-08-11T21:00:42.297Z", "is_superuser": false, "username": "trailbehindandrew", "first_name": "", "last_name": "", "email": "andrew@gaiagps.com", "is_staff": false, "is_active": true, "date_joined": "2016-08-11T20:59:23.480Z", "groups": [], "user_permissions": []}}, {"model": "auth.user", "pk": 8, "fields": {"password": "pbkdf2_sha256$24000$8cdl38Tv3WTK$vLINwH/bU+uC0dh9ucNkCvuqPGAXAKRWWuq+8l8aNYc=", "last_login": null, "is_superuser": false, "username": "ashli3", "first_name": "", "last_name": "", "email": "ashli+3@gaiagps.com", "is_staff": false, "is_active": true, "date_joined": "2016-08-19T21:03:49.781Z", "groups": [], "user_permissions": []}}, {"model": "auth.user", "pk": 9, "fields": {"password": "pbkdf2_sha256$24000$ITRthQa7bVh6$Gv8WgrkigpD9h5+8BHhSbjr54b+afwqSKbk/RyLzbPg=", "last_login": "2016-09-10T17:01:20.674Z", "is_superuser": false, "username": "ashli54", "first_name": "", "last_name": "", "email": "ashli+54@gaiagps.com", "is_staff": false, "is_active": true, "date_joined": "2016-09-10T17:01:20.255Z", "groups": [], "user_permissions": []}}, {"model": "auth.user", "pk": 10, "fields": {"password": "pbkdf2_sha256$24000$pnV3sMeTot6q$wD3FJ438uT0gpgFxSiS7YJhoNhvYkoA23eVkCATOuxU=", "last_login": "2016-10-17T02:14:35.679Z", "is_superuser": false, "username": "ashli411", "first_name": "", "last_name": "", "email": "ashli+411@gaiagps.com", "is_staff": false, "is_active": true, "date_joined": "2016-10-17T02:14:35.399Z", "groups": [], "user_permissions": []}}, {"model": "auth.user", "pk": 11, "fields": {"password": "pbkdf2_sha256$24000$ZNlFTMn0FuPL$zg7QaaV834faA/FIT9HwHn75iJDi0LwOpz5Lqfcif0o=", "last_login": "2016-10-17T02:25:37.209Z", "is_superuser": false, "username": "AshliBaldwin", "first_name": "", "last_name": "", "email": "ashlicharette@gmail.com", "is_staff": false, "is_active": true, "date_joined": "2016-10-17T02:25:36.986Z", "groups": [], "user_permissions": []}}, {"model": "auth.user", "pk": 12, "fields": {"password": "pbkdf2_sha256$24000$XcrQMQAmyWqU$ROT9ny2Rz2TlI3Pk1lhXtSPSnB8fMYM+dRjPMQKIsec=", "last_login": "2016-10-21T01:16:53.123Z", "is_superuser": false, "username": "ashli55", "first_name": "", "last_name": "", "email": "ashli+55@gaiagps.com", "is_staff": false, "is_active": true, "date_joined": "2016-10-19T02:08:48.792Z", "groups": [], "user_permissions": []}}, {"model": "auth.user", "pk": 13, "fields": {"password": "pbkdf2_sha256$24000$kWuMyyPfsBuP$J+324L3brtd7onuR0OqRqHwN43GLNJhM+10HQdoWw98=", "last_login": "2016-10-21T20:15:55.584Z", "is_superuser": false, "username": "aileen", "first_name": "", "last_name": "", "email": "akgardner3@gmail.com", "is_staff": false, "is_active": true, "date_joined": "2016-10-21T20:15:55.223Z", "groups": [], "user_permissions": []}}, {"model": "auth.user", "pk": 14, "fields": {"password": "pbkdf2_sha256$24000$qN6ERYYOKuvw$jKckDCAqBa4MrPnNVhvjye+X9/XWtd2i5Axu4OT5fuA=", "last_login": "2016-10-23T02:57:25.011Z", "is_superuser": false, "username": "ashlitest", "first_name": "", "last_name": "", "email": "ashli+ashlitest@gmail.com", "is_staff": false, "is_active": true, "date_joined": "2016-10-23T02:57:24.757Z", "groups": [], "user_permissions": []}}, {"model": "auth.user", "pk": 18, "fields": {"password": "pbkdf2_sha256$24000$bxn5bUAxKAup$Zgjk3l4h0e/W+5Ju0JJId2nRDnxnVoYVfSPlU03rrWU=", "last_login": "2016-10-23T23:04:07.208Z", "is_superuser": false, "username": "ashlinewlogin", "first_name": "", "last_name": "", "email": "ashli+newlogin@gaiagps.com", "is_staff": false, "is_active": true, "date_joined": "2016-10-23T23:04:06.999Z", "groups": [], "user_permissions": []}}, {"model": "auth.user", "pk": 19, "fields": {"password": "pbkdf2_sha256$24000$C3OMSIPCrkzm$+EYKtfO/48sghbvp9rPi/A+yttnNP0vP1EWZHOgDfm4=", "last_login": "2016-10-23T23:35:40.176Z", "is_superuser": false, "username": "kflood", "first_name": "", "last_name": "", "email": "kyledavidflood@gmail.com", "is_staff": false, "is_active": true, "date_joined": "2016-10-23T23:35:39.923Z", "groups": [], "user_permissions": []}}, {"model": "auth.user", "pk": 20, "fields": {"password": "pbkdf2_sha256$24000$y4tImVGTWO5s$UXa6FjhcED2X42bNMJMDbcyPvG+vIlWpLON5LJpQM5s=", "last_login": "2016-10-25T19:20:16.314Z", "is_superuser": false, "username": "fishhead_nate", "first_name": "", "last_name": "", "email": "copeland@gaiagps.com", "is_staff": false, "is_active": true, "date_joined": "2016-10-25T19:20:15.089Z", "groups": [], "user_permissions": []}}, {"model": "admin.logentry", "pk": 1, "fields": {"action_time": "2016-08-07T14:56:41.269Z", "user": 2, "content_type": 4, "object_id": "5", "object_repr": "Ashli's Love Night", "action_flag": 3, "change_message": ""}}, {"model": "admin.logentry", "pk": 2, "fields": {"action_time": "2016-10-23T23:03:33.041Z", "user": 2, "content_type": 9, "object_id": "4", "object_repr": "ashli", "action_flag": 3, "change_message": ""}}, {"model": "admin.logentry", "pk": 3, "fields": {"action_time": "2016-10-23T23:03:33.072Z", "user": 2, "content_type": 9, "object_id": "17", "object_repr": "ashli+55", "action_flag": 3, "change_message": ""}}, {"model": "admin.logentry", "pk": 4, "fields": {"action_time": "2016-10-23T23:03:33.093Z", "user": 2, "content_type": 9, "object_id": "1", "object_repr": "ashlibaldwin", "action_flag": 3, "change_message": ""}}, {"model": "admin.logentry", "pk": 5, "fields": {"action_time": "2016-10-23T23:03:33.118Z", "user": 2, "content_type": 9, "object_id": "16", "object_repr": "asil76", "action_flag": 3, "change_message": ""}}, {"model": "admin.logentry", "pk": 6, "fields": {"action_time": "2016-10-23T23:03:33.139Z", "user": 2, "content_type": 9, "object_id": "15", "object_repr": "asli77", "action_flag": 3, "change_message": ""}}, {"model": "gear.list", "pk": 1, "fields": {"title": "new list", "user": 3}}, {"model": "gear.list", "pk": 2, "fields": {"title": "another list", "user": 2}}, {"model": "gear.list", "pk": 3, "fields": {"title": "new lst", "user": 2}}, {"model": "gear.list", "pk": 6, "fields": {"title": "Odds and Ends gear", "user": 6}}, {"model": "gear.list", "pk": 9, "fields": {"title": "gear", "user": 7}}, {"model": "gear.list", "pk": 10, "fields": {"title": "dsgsgdsf", "user": 7}}, {"model": "gear.list", "pk": 11, "fields": {"title": "List #2", "user": 6}}, {"model": "gear.list", "pk": 12, "fields": {"title": "Colorado Trip", "user": 2}}, {"model": "gear.list", "pk": 13, "fields": {"title": "Colorado Road Trip", "user": 5}}, {"model": "gear.list", "pk": 15, "fields": {"title": "Night Bag", "user": 11}}, {"model": "gear.list", "pk": 16, "fields": {"title": "Dog Gear", "user": 11}}, {"model": "gear.list", "pk": 17, "fields": {"title": "asdhjkflashflkads", "user": 12}}, {"model": "gear.list", "pk": 19, "fields": {"title": "list", "user": 2}}, {"model": "gear.list", "pk": 20, "fields": {"title": "list", "user": 14}}, {"model": "gear.list", "pk": 21, "fields": {"title": "Winter Backpacking", "user": 19}}, {"model": "gear.list", "pk": 23, "fields": {"title": "checkbox test", "user": 2}}, {"model": "gear.list", "pk": 24, "fields": {"title": "#NTCRiverstop", "user": 20}}, {"model": "gear.list", "pk": 25, "fields": {"title": "Car Camping (3 seasons)", "user": 5}}, {"model": "gear.userprofile", "pk": 1, "fields": {"user": 3, "website": "", "picture": ""}}, {"model": "gear.userprofile", "pk": 3, "fields": {"user": 5, "website": "", "picture": ""}}, {"model": "gear.userprofile", "pk": 4, "fields": {"user": 6, "website": "", "picture": ""}}, {"model": "gear.userprofile", "pk": 5, "fields": {"user": 7, "website": "", "picture": ""}}, {"model": "gear.userprofile", "pk": 6, "fields": {"user": 8, "website": "", "picture": ""}}, {"model": "gear.userprofile", "pk": 7, "fields": {"user": 9, "website": "", "picture": ""}}, {"model": "gear.userprofile", "pk": 8, "fields": {"user": 10, "website": "", "picture": ""}}, {"model": "gear.userprofile", "pk": 9, "fields": {"user": 11, "website": "", "picture": ""}}, {"model": "gear.userprofile", "pk": 10, "fields": {"user": 12, "website": "", "picture": ""}}, {"model": "gear.userprofile", "pk": 11, "fields": {"user": 13, "website": "", "picture": ""}}, {"model": "gear.userprofile", "pk": 12, "fields": {"user": 14, "website": "", "picture": ""}}, {"model": "gear.userprofile", "pk": 16, "fields": {"user": 18, "website": "", "picture": ""}}, {"model": "gear.userprofile", "pk": 17, "fields": {"user": 19, "website": "", "picture": ""}}, {"model": "gear.userprofile", "pk": 18, "fields": {"user": 20, "website": "", "picture": ""}}]